,3M_Rate,10Y_2Y_Curve,5y5y_Forward,Core_PCE,NFP,UnEmp,Hstarts,IP,ISM,Mich_Sent,Mich_Inf,CPI
1978-01-01,6.44,0.4704761904761906,8.146190476190476,,,,,,,,,
1978-02-01,6.45,0.4683333333333333,8.234444444444444,0.003834921384111789,354.0,6.3,1738.0,0.004950555413298252,55.9,84.3,6.4,0.004754358161648042
1978-03-01,6.29,0.460909090909091,8.21409090909091,0.005407152722677555,512.0,6.3,2032.0,0.01906160136864954,55.0,78.8,6.3,0.006309148264984188
1978-04-01,6.29,0.41050000000000003,8.325500000000002,0.006488761581854963,702.0,6.1,2197.0,0.020717245320760025,57.7,81.6,6.7,0.00783699059561127
1978-05-01,6.41,0.33952380952380945,8.515714285714285,0.005866124582546872,347.0,6.0,2075.0,0.0037094064949607652,60.2,82.9,6.9,0.0062208398133749565
1978-06-01,6.73,0.22272727272727275,8.569545454545455,0.005600946964229081,441.0,5.9,2070.0,0.00688972565062107,60.5,80.0,6.5,0.007727975270479082
1978-07-01,7.01,0.1505,8.743500000000001,0.0058568516551344985,254.0,6.2,2092.0,-0.0004636104287337739,62.2,82.4,6.6,0.006134969325153339
1978-08-01,7.08,0.04434782608695649,8.487826086956522,0.005394605394605456,279.0,5.9,1996.0,0.0037548692050686228,60.3,78.4,8.7,0.007621951219512146
1978-09-01,7.85,-0.14900000000000002,8.405500000000002,0.005734726322961681,138.0,6.0,1970.0,0.00252519926449013,60.5,80.4,6.9,0.00907715582450841
1978-10-01,7.99,-0.21142857142857144,8.67,0.007339242364365006,335.0,5.8,1981.0,0.008021267643346208,60.1,79.3,7.4,0.007496251874062887
1978-11-01,8.64,-0.6194999999999999,8.774999999999999,0.005380261166844091,435.0,5.9,2094.0,0.007576073798889693,61.3,75.0,7.5,0.005952380952380931
1978-12-01,9.08,-0.709,8.929,0.003902112715312933,280.0,6.0,2044.0,0.005346042817302443,59.4,66.1,7.3,0.00591715976331364
1979-01-01,9.35,-0.7604545454545456,8.996363636363633,0.005136320728524657,137.0,5.9,1630.0,-0.006430211693132959,58.5,72.1,7.8,0.007352941176470562
1979-02-01,9.32,-0.6183333333333334,9.062777777777777,0.003259398392398305,247.0,5.9,1520.0,0.0053727662959772715,58.2,73.9,9.3,0.010218978102189746
1979-03-01,9.48,-0.6722727272727272,9.032272727272725,0.0057542468544369285,424.0,5.8,1847.0,0.0031314280999732436,57.7,68.4,8.8,0.00867052023121384
1979-04-01,9.46,-0.5965,9.114499999999998,0.009225294278675022,-62.0,5.8,1748.0,-0.011280943150402067,56.2,66.0,9.7,0.007163323782235054
1979-05-01,9.61,-0.5314285714285715,9.267619047619048,0.008679849187620325,372.0,5.6,1876.0,0.008033077600777316,54.4,68.1,9.8,0.007112375533428139
1979-06-01,9.06,-0.3066666666666667,8.978571428571426,0.005620243633527977,319.0,5.7,1913.0,-5.626543782955018e-05,52.7,65.8,9.9,0.007062146892655274
1979-07-01,9.24,-0.18761904761904763,9.002380952380953,0.005000534816557822,109.0,5.7,1760.0,-0.0013579489718789084,51.3,60.4,9.9,0.008415147265077305
1979-08-01,9.52,-0.42913043478260865,8.998695652173915,0.006651943697948637,83.0,6.0,1778.0,-0.006637454853474556,49.5,64.5,9.9,0.011126564673157091
1979-09-01,10.26,-0.721578947368421,9.261052631578949,0.006819443343113241,27.0,5.9,1832.0,0.0011098527318069706,49.6,66.7,9.6,0.008253094910591452
1979-10-01,11.7,-1.1904545454545454,9.970454545454546,0.007298311937202984,154.0,6.0,1681.0,0.005484564275542558,49.0,62.1,9.0,0.009549795361528002
1979-11-01,11.79,-1.1552631578947368,10.381052631578944,0.006411425890693101,92.0,5.9,1524.0,-0.0008865681173575446,48.0,63.3,10.0,0.0108108108108107
1979-12-01,12.04,-1.0044999999999997,10.3565,0.007173378220898696,99.0,6.0,1498.0,0.0012877924792920048,44.8,61.0,9.9,0.012032085561497485
1980-01-01,12.0,-0.6959090909090908,10.860909090909091,0.007585107477116049,128.0,6.3,1341.0,0.004570008054780139,46.2,67.0,10.4,0.013210039630118908
1980-02-01,12.86,-1.0036842105263157,12.233157894736843,0.009977798759792877,83.0,6.3,1350.0,2.9904473896058548e-05,50.2,66.9,10.0,0.010430247718383301
1980-03-01,15.2,-2.1357142857142852,12.028571428571427,0.009272828338976025,111.0,6.3,1047.0,-0.003287524787264018,43.6,56.5,10.2,0.014193548387096744
1980-04-01,13.2,-1.0285714285714287,11.102857142857143,0.005132056577794364,-145.0,6.9,1051.0,-0.02054776539769798,37.4,52.7,10.1,0.011450381679389388
1980-05-01,8.58,0.7314285714285715,10.417142857142856,0.008044831880448244,-429.0,7.5,927.0,-0.024310022667401898,29.4,51.7,8.6,0.007547169811320753
1980-06-01,7.07,1.05,10.344761904761905,0.006646406246139325,-319.0,7.6,1196.0,-0.012342093799912801,30.3,58.7,8.5,0.011235955056179803
1980-07-01,8.06,1.2181818181818183,10.966818181818182,0.007019783024888371,-261.0,7.8,1269.0,-0.0077203048387994855,35.0,62.3,9.6,-0.0024691358024692134
1980-08-01,9.13,0.5742857142857142,11.364761904761906,0.00723895875987135,259.0,7.7,1436.0,0.0035918648465749214,45.5,67.3,7.6,0.006188118811881083
1980-09-01,10.27,-0.06619047619047617,11.399047619047618,0.00941318814277059,114.0,7.5,1471.0,0.016219257225848827,50.1,73.7,9.1,0.009840098400983877
1980-10-01,11.62,-0.3368181818181818,11.641363636363637,0.00824663182624552,277.0,7.5,1523.0,0.012617150844349778,55.5,75.0,9.6,0.010962241169305775
1980-11-01,13.73,-0.8294117647058823,12.534705882352942,0.007870084169480318,257.0,7.5,1510.0,0.017262069781102785,58.2,76.7,8.6,0.010843373493975905
1980-12-01,15.49,-1.2327272727272727,12.44090909090909,0.006015711623298392,196.0,7.2,1482.0,0.0056563823927946455,53.0,64.5,9.7,0.011918951132300348
1981-01-01,15.02,-0.6938095238095239,12.366666666666665,0.00865303442453813,90.0,7.5,1547.0,-0.005717426115959379,49.2,71.4,9.5,0.005889281507656108
1981-02-01,14.79,-0.7244444444444446,12.976666666666667,0.00732336735405581,72.0,7.4,1246.0,-0.004589569022696249,48.8,66.9,8.6,0.005854800936768045
1981-03-01,13.36,-0.4527272727272727,12.82363636363636,0.005539143279172709,105.0,7.4,1306.0,0.005294297859303798,49.6,66.5,7.2,0.005820721769499437
1981-04-01,13.69,-0.47190476190476194,13.36809523809524,0.0064037825927287795,73.0,7.2,1360.0,-0.004445502595114448,51.6,72.4,8.0,0.00694444444444442
1981-05-01,16.3,-1.3575000000000002,13.574000000000003,0.006864779802495002,13.0,7.5,1140.0,0.005953804446604094,53.5,76.3,7.3,0.009195402298850519
1981-06-01,14.73,-1.0336363636363637,12.991363636363639,0.00500588928150747,194.0,7.5,1045.0,0.004718497231853025,50.7,73.1,7.1,0.009111617312072884
1981-07-01,14.95,-1.0731818181818185,13.771818181818183,0.00601771507133364,111.0,7.2,1041.0,0.006562757910517858,46.7,74.1,6.8,0.013544018058690765
1981-08-01,15.51,-1.3476190476190475,14.310476190476187,0.006721032350569089,-36.0,7.4,940.0,-0.0001354017199779456,48.3,77.2,5.8,0.010022271714922093
1981-09-01,14.7,-1.133809523809524,14.717619047619047,0.006542638419084756,-88.0,7.6,911.0,-0.005952839965468026,42.5,73.1,6.9,0.012127894156560126
1981-10-01,13.54,-0.3947619047619048,14.889523809523812,0.005947380057484075,-97.0,7.9,873.0,-0.006745327465308315,40.0,70.3,6.7,0.0032679738562091387
1981-11-01,10.86,0.5111111111111111,13.409999999999997,0.0058462823358755855,-209.0,8.3,837.0,-0.011446826263122767,36.1,62.5,7.3,0.004343105320304019
1981-12-01,10.85,0.43409090909090914,13.848636363636361,0.003692778324046797,-276.0,8.5,910.0,-0.010918410606235773,37.8,64.3,5.3,0.00540540540540535
1982-01-01,12.28,0.025999999999999975,14.542499999999999,0.006139243262071714,-330.0,8.6,843.0,-0.01993282340426361,38.2,71.0,5.1,0.003225806451612856
1982-02-01,13.48,-0.39777777777777784,14.310555555555558,0.003873117535052817,-2.0,8.9,866.0,0.019825342962728865,38.3,66.5,5.2,0.005359056806002238
1982-03-01,12.68,-0.33304347826086955,13.745217391304347,0.0043539174480007325,-129.0,9.0,931.0,-0.007625493162006558,36.8,62.0,4.2,0.0010660980810235365
1982-04-01,12.7,-0.3304761904761905,13.74,0.0039487520655836494,-284.0,9.3,917.0,-0.008793881014488303,37.8,65.5,4.7,0.008519701810436597
1982-05-01,12.09,-0.15450000000000003,13.491,0.005472307133237875,-43.0,9.4,1025.0,-0.006434455548355533,35.5,67.5,3.5,0.007391763463569179
1982-06-01,12.47,-0.16590909090909095,14.172727272727274,0.005017326785296872,-242.0,9.6,902.0,-0.003366707886233944,38.3,65.7,4.6,0.007337526205450695
1982-07-01,11.35,0.14904761904761904,13.825238095238095,0.0064730395786176675,-344.0,9.8,1166.0,-0.003109915708076172,38.4,65.4,5.0,0.00624349635796051
1982-08-01,8.68,0.7313636363636363,13.111818181818187,0.004602871014523169,-158.0,9.8,1046.0,-0.00876263204172345,38.3,65.4,4.8,0.004136504653567741
1982-09-01,7.92,0.5557142857142857,12.429999999999998,0.0037030838110381215,-180.0,10.1,1144.0,-0.0030641610618644677,38.8,69.3,4.5,0.001029866117404854
1982-10-01,7.71,0.7190000000000001,11.013499999999999,0.006336633663366342,-276.0,10.4,1173.0,-0.008909925649047246,39.4,73.4,4.7,0.0030864197530864335
1982-11-01,8.07,0.7547368421052633,10.719473684210527,0.0037076161478073466,-121.0,10.8,1372.0,-0.004005132472728601,39.2,72.1,4.5,-0.002051282051282133
1982-12-01,7.94,0.8777272727272728,10.857727272727272,0.003178009822939476,-15.0,10.8,1303.0,-0.007194599934145396,42.8,71.9,3.7,-0.0010277492291880241
1983-01-01,7.86,1.1295238095238094,10.888571428571428,0.006850160454208831,219.0,10.4,1586.0,0.01935641676201838,46.0,70.4,2.8,0.00411522633744843
1983-02-01,8.11,1.0884210526315792,11.192105263157895,0.0036980283992236185,-73.0,10.4,1699.0,-0.006250991333205946,54.4,74.6,3.0,0.004098360655737654
1983-03-01,8.35,0.8504347826086956,10.929565217391303,0.0012620608231894703,173.0,10.3,1606.0,0.008115607504174394,53.9,80.8,1.8,0.0020408163265306367
1983-04-01,8.21,0.8320000000000002,10.7785,0.003029194112385225,274.0,10.2,1472.0,0.012221559146987637,54.2,89.1,3.4,0.004073319755600657
1983-05-01,8.19,0.8909523809523808,10.725714285714286,0.0014390822303746997,280.0,10.1,1776.0,0.00683611570662257,56.1,93.3,3.2,0.0030425963488844854
1983-06-01,8.79,0.6668181818181819,11.069090909090907,0.004675356217616722,377.0,10.1,1733.0,0.005985054293703884,57.5,92.2,3.2,0.0030333670374114163
1983-07-01,9.08,0.6920000000000002,11.544999999999998,0.0067285803501278,416.0,9.4,1785.0,0.015133966489074169,63.6,92.8,3.2,0.006048387096774244
1983-08-01,9.34,0.7756521739130434,12.06608695652174,0.00516278790546898,-308.0,9.5,1910.0,0.011157854087800123,63.1,90.9,3.3,0.0030060120240480437
1983-09-01,9.0,0.8638095238095237,11.877619047619051,0.004041329059743859,1118.0,9.2,1710.0,0.015139240896974382,62.5,89.9,3.3,0.003996003996004083
1983-10-01,8.64,0.97,11.804,0.0017646825554191725,273.0,8.8,1715.0,0.0083146020448297,64.4,89.3,3.7,0.004975124378109541
1983-11-01,8.76,1.0257894736842104,11.971052631578948,0.002335569938443749,355.0,8.5,1785.0,0.0034955217749335077,66.0,91.1,3.5,0.004950495049504955
1983-12-01,9.0,0.9928571428571428,12.114285714285714,0.0007503801267747523,355.0,8.3,1688.0,0.005274780577390503,69.9,94.2,3.5,0.002955665024630516
1984-01-01,8.9,1.0319047619047619,11.979999999999999,0.003334714576057163,443.0,8.0,1897.0,0.01992180714046876,60.5,100.1,3.2,0.006876227897838927
1984-02-01,9.09,1.0568421052631582,12.14578947368421,0.006293266205160464,484.0,7.8,2260.0,0.004289314442279313,61.3,97.4,3.3,0.0029268292682926855
1984-03-01,9.52,1.0045454545454546,12.616818181818179,0.0037914321450907007,272.0,7.8,1663.0,0.004927509802133745,58.9,101.0,3.4,0.0038910505836575737
1984-04-01,9.69,0.9474999999999998,12.895500000000002,0.004711654530586751,363.0,7.7,1851.0,0.006282528690577216,61.0,96.1,3.9,0.004844961240310086
1984-05-01,9.83,0.9386363636363636,13.644545454545453,0.002325401131695104,306.0,7.4,1774.0,0.004737481830936696,58.6,98.1,4.2,0.0038572806171648377
1984-06-01,9.87,0.6561904761904762,13.649047619047618,0.0023393395715722853,381.0,7.2,1843.0,0.0034892424000385613,58.1,95.5,4.2,0.003842459173871271
1984-07-01,10.12,0.4847619047619047,13.450000000000003,0.004320570932587531,310.0,7.5,1732.0,0.0031426348408560845,56.1,96.6,3.4,0.004784688995215225
1984-08-01,10.47,0.2817391304347826,12.747391304347826,0.003303309070656235,243.0,7.5,1586.0,0.0009521398183445218,53.0,99.1,3.0,0.003809523809523929
1984-09-01,10.37,0.31789473684210534,12.513157894736842,0.0015313642541299188,312.0,7.3,1698.0,-0.0017706492618138059,50.0,100.9,3.0,0.003795066413662118
1984-10-01,9.74,0.5604545454545454,12.259999999999998,0.0022361957913650254,285.0,7.4,1590.0,-0.0016470907345347285,50.8,96.3,3.5,0.003780718336483968
1984-11-01,8.61,0.9236842105263157,11.82,0.0021167855372057343,353.0,7.2,1689.0,0.003946669907893163,50.3,95.7,3.4,0.0018832391713747842
1984-12-01,8.06,1.318,11.9295,0.003958210432168041,125.0,7.3,1612.0,0.001119880641020421,50.6,92.9,3.3,0.003759398496240518
1985-01-01,7.76,1.4533333333333336,11.836190476190476,0.005610629869022166,265.0,7.3,1711.0,-0.0015970236316814601,50.3,96.0,2.9,0.002808988764045006
1985-02-01,8.27,1.3433333333333333,11.886666666666665,0.005183495749533584,131.0,7.2,1632.0,0.003428939896472638,49.9,93.7,3.1,0.0056022408963585235
1985-03-01,8.52,1.1423809523809523,12.19,0.003506600660065917,339.0,7.2,1800.0,0.0016136390667522704,47.8,93.7,3.0,0.003714020427112219
1985-04-01,7.95,1.3457142857142859,11.862857142857141,0.0011959263757825855,196.0,7.3,1821.0,-0.0027276014121850878,48.2,94.6,3.3,0.0027752081406107187
1985-05-01,7.48,1.4527272727272726,11.357727272727272,0.003452845331193277,274.0,7.2,1680.0,0.0014128485692908033,47.1,91.8,3.2,0.0036900369003689537
1985-06-01,6.95,1.468,10.713000000000001,0.0032921657614761735,147.0,7.4,1676.0,0.0007329348628541954,47.8,96.5,3.4,0.0027573529411764053
1985-07-01,7.08,1.5336363636363637,10.913636363636364,0.0029291262675885665,189.0,7.4,1684.0,-0.006502914518683123,47.9,94.0,2.8,0.002749770852429112
1985-08-01,7.14,1.388181818181818,10.854090909090909,0.00489842695798437,192.0,7.1,1743.0,0.004142911711891628,47.7,92.4,2.8,0.003656307129798808
1985-09-01,7.1,1.3900000000000001,10.936315789473682,0.0020785814141710546,205.0,7.1,1676.0,0.004316022433362043,49.9,92.1,2.9,0.0018214936247722413
1985-10-01,7.16,1.372272727272727,10.784999999999998,0.00159700424032172,188.0,7.1,1834.0,-0.00413286771460375,50.9,88.4,3.3,0.00454545454545463
1985-11-01,7.24,1.2005263157894737,10.287894736842107,0.002455831683894072,210.0,7.0,1698.0,0.0033786665908348557,52.0,90.9,3.1,0.005429864253393646
1985-12-01,7.1,1.1123809523809522,9.789523809523809,0.0027240484112764918,166.0,7.0,1942.0,0.010466761963974669,50.7,93.9,3.5,0.0027002700270029045
1986-01-01,7.07,1.0514285714285714,9.704285714285714,0.005396831184932616,123.0,6.7,1972.0,0.004638378285517941,51.2,95.6,2.9,0.004488330341113178
1986-02-01,7.06,0.7368421052631579,9.07263157894737,0.002593257530420834,115.0,7.2,1848.0,-0.006560763840419925,51.0,95.9,2.8,0.002680965147453085
1986-03-01,6.56,0.5639999999999998,8.096999999999998,0.00303874398581927,87.0,7.2,1876.0,-0.006892142535971146,51.0,95.1,2.3,0.002673796791443861
1986-04-01,6.06,0.604090909090909,7.544545454545456,0.0018032964258665185,187.0,7.1,1933.0,0.00031657882635904855,49.7,96.2,2.4,0.003555555555555534
1986-05-01,6.15,0.6423809523809524,7.894285714285714,0.0017100478813405484,127.0,7.2,1854.0,0.0021640773763744736,53.4,94.8,2.7,0.001771479185119551
1986-06-01,6.21,0.6147619047619047,7.961428571428573,0.0030009523980665254,-93.0,7.2,1847.0,-0.003258512798527957,50.5,99.3,2.9,0.0026525198938993633
1986-07-01,5.83,0.6368181818181817,7.543636363636364,0.0018095169843772574,318.0,7.0,1782.0,0.005600237886211223,48.0,97.7,2.8,0.003527336860670083
1986-08-01,5.53,0.8395238095238097,7.52904761904762,0.002056619632669676,115.0,6.9,1807.0,-0.001335938325060626,52.6,94.9,3.0,0.0035149384885764245
1986-09-01,5.21,1.1014285714285716,7.9761904761904745,0.0032838378069675045,346.0,7.0,1687.0,0.0020286192170693162,52.4,91.9,2.9,0.003502626970227629
1986-10-01,5.18,1.1472727272727274,8.020454545454545,0.0033976092215739495,187.0,7.0,1681.0,0.004676957497555145,51.2,95.6,3.2,0.003490401396160525
1986-11-01,5.35,0.9738888888888889,7.746111111111111,0.0021096672398817073,187.0,6.9,1623.0,0.004553643177150901,51.2,91.4,2.8,0.002608695652173809
1986-12-01,5.53,0.8409090909090909,7.556363636363636,0.001291441106747282,201.0,6.6,1833.0,0.008419427248898659,50.5,89.1,3.0,0.002601908065914982
1987-01-01,5.43,0.8585,7.533999999999999,0.002367532995282584,169.0,6.6,1774.0,-0.0030641713170751483,54.9,90.4,2.9,0.002595155709342656
1987-02-01,5.59,0.8526315789473684,7.708947368421054,0.0020094125112368744,241.0,6.6,1784.0,0.013086590968189205,52.6,90.2,3.1,0.0025884383088869978
1987-03-01,5.59,0.8240909090909092,7.704090909090909,0.002955301071296601,245.0,6.6,1726.0,0.0013021925088851916,55.0,90.8,3.0,0.0034423407917383297
1987-04-01,5.64,0.9985714285714287,8.471428571428573,0.0042444970621766664,335.0,6.3,1614.0,0.006307676532914197,55.5,92.8,3.0,0.006003430531732468
1987-05-01,5.66,0.8515,8.966500000000002,0.002794418149745903,229.0,6.3,1628.0,0.006456641832993437,57.2,91.1,3.4,0.0034100596760444635
1987-06-01,5.67,0.829090909090909,8.788181818181819,0.0027517982479057235,172.0,6.2,1594.0,0.00465027596249401,57.4,91.5,3.3,0.001699235344095218
1987-07-01,5.69,1.0045454545454549,8.885454545454547,0.002587928788536642,347.0,6.1,1575.0,0.006931369865084358,57.5,93.7,3.1,0.003392705682782049
1987-08-01,6.04,1.0076190476190479,9.198095238095238,0.003360820455962976,173.0,6.0,1605.0,0.008308091590830236,59.3,94.4,3.2,0.0033812341504648735
1987-09-01,6.4,1.0780952380952382,9.900952380952383,0.003971131599848077,227.0,5.9,1695.0,0.0025673388837699207,60.0,93.6,3.0,0.004212299915753892
1987-10-01,6.13,1.1223809523809525,9.960000000000003,0.00426497901905476,491.0,6.0,1515.0,0.014587447963845701,60.7,89.3,3.3,0.00503355704697972
1987-11-01,5.69,1.1678947368421049,9.373684210526315,0.0021063086512773666,234.0,5.8,1656.0,0.005247922460197341,58.8,83.1,3.2,0.0025041736227044975
1987-12-01,5.77,1.1299999999999997,9.524090909090908,0.002101881440216058,289.0,5.7,1400.0,0.004939034550593302,61.0,86.8,3.1,0.0024979184013322886
1988-01-01,5.81,1.0357894736842106,9.153684210526315,0.0047235769584939025,92.0,5.7,1271.0,0.0004491379449123034,57.5,90.8,3.2,0.004152823920265725
1988-02-01,5.66,1.0315,8.7115,0.0020536668986235185,461.0,5.7,1473.0,0.00434454494109926,56.2,91.6,3.1,0.002481389578163684
1988-03-01,5.7,1.1030434782608693,8.91304347826087,0.004268292682926944,275.0,5.7,1532.0,0.002001060610187455,54.6,94.6,3.2,0.004125412541254203
1988-04-01,5.91,1.129,9.242999999999999,0.004874182014437123,243.0,5.4,1573.0,0.0056618133792119,55.8,91.2,3.3,0.004930156121610407
1988-05-01,6.26,1.0933333333333333,9.595714285714283,0.00340712643292318,230.0,5.6,1421.0,-0.0011701875638951975,55.5,94.8,3.3,0.003270645952575757
1988-06-01,6.46,0.8954545454545456,9.355909090909089,0.004215174628663165,364.0,5.4,1478.0,0.0025468663197623087,59.3,94.7,3.7,0.004074979625101838
1988-07-01,6.73,0.777,9.456999999999999,0.004080884802451834,224.0,5.4,1467.0,0.00042869187057315017,58.2,93.4,4.6,0.0032467532467532756
1988-08-01,7.06,0.6317391304347825,9.584347826086958,0.00247175727011828,124.0,5.6,1493.0,0.004173987014615355,56.0,97.4,4.4,0.003236245954692629
1988-09-01,7.24,0.5138095238095238,9.26142857142857,0.005378123448618322,339.0,5.4,1492.0,-0.002738955277427957,54.5,97.3,3.9,0.005645161290322553
1988-10-01,7.35,0.4415,9.0785,0.0038021562011356647,263.0,5.4,1522.0,0.004963628583654289,55.4,94.1,3.9,0.00400962309542896
1988-11-01,7.76,0.29650000000000004,9.1385,0.002738333387990677,341.0,5.3,1569.0,0.001586445510485257,55.6,93.0,3.7,0.0031948881789136685
1988-12-01,8.07,0.017142857142857137,9.118571428571428,0.0033195427861265614,281.0,5.3,1563.0,0.004888778324999121,56.0,91.9,3.9,0.0031847133757962887
1989-01-01,8.27,-0.08399999999999999,9.0345,0.005052480604993637,263.0,5.4,1621.0,0.0030083057441403493,54.7,97.9,3.5,0.003968253968253954
1989-02-01,8.53,-0.2026315789473684,9.067368421052633,0.0025459734699835312,266.0,5.2,1425.0,-0.00454735039904508,54.1,95.4,4.1,0.003162055335968361
1989-03-01,8.82,-0.32181818181818184,9.201363636363638,0.00299241382656934,194.0,5.0,1422.0,0.0022738614215636055,51.5,94.3,3.7,0.003940110323088941
1989-04-01,8.65,-0.27599999999999997,9.055999999999997,0.003338278931750649,170.0,5.2,1339.0,0.0006779491178048325,52.2,91.5,4.3,0.0031397174254317317
1989-05-01,8.43,-0.15863636363636366,8.808636363636364,0.0029896327252270094,122.0,5.2,1331.0,-0.006634080397544095,49.3,90.7,4.6,0.003912363067292812
1989-06-01,8.15,-0.1290909090909091,8.262272727272725,0.0026602137786253532,114.0,5.3,1397.0,0.0004772525374714398,47.3,90.6,3.8,0.0038971161340608518
1989-07-01,7.88,0.199,8.2105,0.0025732414851280527,42.0,5.2,1427.0,-0.009183122450553971,45.9,92.0,4.1,0.0031055900621115295
1989-08-01,7.9,-0.03217391304347827,8.135652173913043,0.0014028822854228462,51.0,5.2,1332.0,0.009238044089653785,45.1,89.6,3.5,0.0023219814241486336
1989-09-01,7.75,-0.09400000000000003,8.206499999999998,0.0034704533876719346,249.0,5.3,1279.0,-0.003485691974406846,46.0,95.8,3.4,0.003088803088803216
1989-10-01,7.64,0.028571428571428574,8.049047619047618,0.0036170955357426315,107.0,5.3,1410.0,-0.0006509161803227581,46.8,93.9,3.6,0.005388760585065322
1989-11-01,7.69,0.07857142857142858,7.937619047619047,0.002655622648667366,276.0,5.4,1351.0,0.0032788336584763655,46.8,90.9,3.5,0.003828483920367498
1989-12-01,7.63,0.05900000000000001,7.925500000000001,0.002853539334699562,84.0,5.4,1251.0,0.006068236539891858,47.4,90.5,3.5,0.0038138825324181003
1990-01-01,7.64,0.12142857142857144,8.293809523809523,0.003851535111851767,363.0,5.4,1551.0,-0.00663934079600037,47.2,93.0,4.1,0.0037993920972645423
1990-02-01,7.74,0.10263157894736845,8.52157894736842,0.004854673014281996,236.0,5.3,1437.0,0.009804045232944647,49.1,89.5,4.1,0.004542013626040786
1990-03-01,7.9,-0.038181818181818185,8.576818181818181,0.004800049870648193,209.0,5.2,1289.0,0.004893464866670971,49.9,91.3,3.7,0.006028636021100375
1990-04-01,7.77,0.06150000000000001,8.803,0.002977944597822191,42.0,5.4,1248.0,-0.0015196245998944091,50.0,93.9,3.6,0.0037453183520599342
1990-05-01,7.74,0.11590909090909095,8.780454545454546,0.003061887235950911,153.0,5.4,1212.0,0.002133513434443124,49.5,90.6,3.4,0.0029850746268658135
1990-06-01,7.73,0.12904761904761905,8.529523809523809,0.003885051800690542,17.0,5.2,1177.0,0.0032113147600909553,49.2,88.3,3.8,0.005208333333333259
1990-07-01,7.62,0.31428571428571433,8.61190476190476,0.002518582222495347,-32.0,5.5,1171.0,-0.0012940355178696628,46.6,88.2,3.4,0.005181347150259086
1990-08-01,7.45,0.6913043478260869,9.068695652173913,0.004166666666666652,-208.0,5.7,1115.0,0.003287327283576724,46.1,76.4,4.6,0.00589101620029453
1990-09-01,7.36,0.8136842105263158,9.272631578947369,0.0034934098120575907,-98.0,5.9,1110.0,0.0012652048581394126,44.5,72.8,4.7,0.0036603221083455484
1990-10-01,7.17,0.8418181818181818,9.111363636363636,0.003390036636718774,-151.0,5.9,1014.0,-0.007515293645712018,43.2,63.9,4.8,0.003646973012399801
1990-11-01,7.06,0.7935000000000001,8.761500000000002,0.0011968971577478449,-153.0,6.2,1145.0,-0.011691751881779733,41.3,66.0,4.7,0.0029069767441860517
1990-12-01,6.74,0.761,8.4235,0.0014073210961973448,-48.0,6.3,969.0,-0.006541848799769712,40.8,65.5,4.7,0.004347826086956497
1991-01-01,6.22,0.9676190476190478,8.485714285714286,0.004986702127659504,-111.0,6.4,798.0,-0.004341396530049391,39.2,66.8,3.9,0.006493506493506551
1991-02-01,5.94,0.9878947368421053,8.236842105263158,0.00275163143175039,-321.0,6.6,965.0,-0.006980974855768873,39.4,70.4,3.4,0.00501792114695343
1991-03-01,5.91,1.0070000000000001,8.448000000000004,0.0020843017589109447,-160.0,6.8,921.0,-0.005239710342662907,40.7,87.7,3.3,0.0021398002853068032
1991-04-01,5.65,1.0909090909090913,8.377272727272727,0.001990183755312014,-210.0,6.7,1001.0,0.0019720214427147997,42.8,81.8,3.2,0.002846975088967918
1991-05-01,5.46,1.284090909090909,8.43409090909091,0.004002329714311248,-115.0,6.9,996.0,0.010011005518825833,44.5,78.3,3.1,0.002838892831795725
1991-06-01,5.57,1.3279999999999998,8.631000000000002,0.0021568073301698742,85.0,6.9,1036.0,0.009108464859396204,50.3,82.1,3.3,0.0035385704175512345
1991-07-01,5.58,1.3550000000000002,8.63409090909091,0.003042716775017107,-42.0,6.8,1063.0,0.0011917297736974142,50.6,82.9,3.1,0.0035260930888576514
1991-08-01,5.33,1.4668181818181816,8.375,0.002752334305035742,18.0,6.9,1049.0,0.0008549457747100142,52.9,82.0,3.2,0.0042164441321153046
1991-09-01,5.22,1.4685000000000001,8.164,0.003999114587176278,26.0,6.9,1015.0,0.00890240391649133,54.9,83.0,3.0,0.0034989503149054357
1991-10-01,4.99,1.6149999999999998,8.183181818181819,0.002204715150802672,21.0,7.0,1079.0,-0.0017416930441426226,53.1,78.3,3.2,0.0020920502092049986
1991-11-01,4.56,1.8584210526315788,8.216842105263158,0.001862552430117459,-61.0,7.0,1103.0,-0.0011449314525009413,49.5,69.1,2.9,0.003479471120389599
1991-12-01,4.07,2.0628571428571427,7.990952380952381,0.002473906869848941,32.0,7.3,1079.0,-0.003976668543191342,46.8,68.2,2.7,0.0034674063800277377
1992-01-01,3.8,2.0742857142857147,7.821904761904763,0.002701439794398519,41.0,7.3,1176.0,-0.005593959842182139,47.3,67.5,2.7,0.0027643400138217533
1992-02-01,3.84,2.1257894736842102,8.097894736842106,0.0027232877510303677,-58.0,7.4,1250.0,0.007163224256126588,52.7,68.8,2.6,0.002067539627842896
1992-03-01,4.04,1.8572727272727272,8.139090909090909,0.0024980393295959136,54.0,7.4,1297.0,0.008309936652605154,54.6,76.0,2.6,0.003438789546079679
1992-04-01,3.75,2.136190476190476,8.176666666666668,0.0032741285892272654,154.0,7.4,1099.0,0.0075807043400930585,52.6,77.2,3.0,0.00274160383824551
1992-05-01,3.63,2.1665,8.091500000000002,0.0014151215849360632,130.0,7.6,1214.0,0.0032619027045710514,55.7,79.2,2.9,0.0034176349965824304
1992-06-01,3.66,2.213636363636364,8.04090909090909,0.0007786589762077689,66.0,7.8,1145.0,0.00014303247298519395,53.6,80.4,3.1,0.002043596730245012
1992-07-01,3.21,2.489090909090909,7.8522727272727275,0.003774998559160858,78.0,7.7,1139.0,0.009037436855581005,53.9,76.6,2.7,0.003399048266485405
1992-08-01,3.13,2.3928571428571423,7.575238095238094,0.0009186690781730622,132.0,7.6,1226.0,-0.004920965844321112,53.4,76.1,2.8,0.002032520325203402
1992-09-01,2.91,2.520952380952381,7.4504761904761905,0.0016205363545103157,34.0,7.6,1186.0,0.002323326844762663,49.7,75.6,3.0,0.0013522650439485862
1992-10-01,2.86,2.506190476190476,7.577619047619049,0.0038514954970432225,180.0,7.3,1244.0,0.007500840387494989,50.3,73.3,2.8,0.004726536124240566
1992-11-01,3.13,2.2936842105263158,7.708421052631578,0.002182222729347316,133.0,7.4,1214.0,0.00425406714601384,53.6,85.3,2.9,0.0026881720430105283
1992-12-01,3.22,2.0963636363636358,7.46409090909091,0.0018501387604070718,223.0,7.4,1227.0,0.0009030858958520849,54.2,91.0,2.8,0.002680965147453085
1993-01-01,3.0,2.2100000000000004,7.366315789473686,0.002912138646210538,299.0,7.3,1210.0,0.004331806413065298,55.8,89.3,2.9,0.0033422459893048817
1993-02-01,2.93,2.1605263157894736,7.088947368421053,0.0019121813031162116,250.0,7.1,1210.0,0.00443330734342573,55.2,86.6,3.2,0.0033311125916055673
1993-03-01,2.95,2.0256521739130435,6.7556521739130435,0.0021771400296881627,-50.0,7.0,1083.0,-0.001399952736638288,53.5,85.9,3.1,0.0013280212483401943
1993-04-01,2.87,2.131904761904762,6.806190476190476,0.0029059515580696083,302.0,7.1,1258.0,0.003507783925303043,50.2,85.6,3.0,0.003978779840848823
1993-05-01,2.96,2.0584999999999996,6.873,0.003389830508474523,272.0,7.1,1260.0,-0.003471641791044866,51.2,80.3,2.9,0.0026420079260238705
1993-06-01,3.07,1.7990909090909093,6.708636363636364,0.0009532353930694626,181.0,7.0,1280.0,0.0016579947699026931,49.6,81.5,3.5,0.0019762845849802257
1993-07-01,3.04,1.733333333333333,6.519523809523811,0.002072713013276717,306.0,6.9,1254.0,0.0030862120783934355,50.2,77.0,3.0,0.0013149243918475495
1993-08-01,3.02,1.676363636363636,6.330454545454544,0.0018727638640430033,151.0,6.8,1300.0,-0.0010509134002639753,50.7,77.3,3.2,0.0032829940906107247
1993-09-01,2.95,1.512857142857143,5.9852380952380955,0.00149262059537425,242.0,6.7,1343.0,0.004782582743904307,50.8,77.9,3.0,0.0006544502617800152
1993-10-01,3.02,1.4595,5.960999999999999,0.0016575432145196078,285.0,6.8,1392.0,0.007678084785659678,53.4,82.7,3.3,0.0032701111837802888
1993-11-01,3.1,1.5684999999999998,6.385,0.0025725887195460206,251.0,6.6,1376.0,0.004142870828205636,53.8,81.2,2.8,0.0032594524119948787
1993-12-01,3.06,1.5618181818181816,6.4013636363636355,0.0004438464845972767,330.0,6.5,1533.0,0.00547168315901625,55.6,88.2,3.0,0.002599090318388564
1994-01-01,2.98,1.6105000000000005,6.4140000000000015,0.0007902508006487619,281.0,6.6,1272.0,0.003786562811106897,56.0,94.3,2.8,0.0012961762799739152
1994-02-01,3.25,1.4989473684210524,6.551052631578948,0.002161083866677682,186.0,6.6,1337.0,0.00027339569081874515,56.5,93.2,2.8,0.001941747572815622
1994-03-01,3.5,1.4873913043478264,7.023913043478261,0.0034143374526554027,461.0,6.5,1564.0,0.010075076035566566,56.9,91.5,3.0,0.00322997416020665
1994-04-01,3.68,1.4226315789473685,7.419999999999999,0.0015016049263660847,344.0,6.4,1465.0,0.005666656111554147,57.4,92.6,3.0,0.0012878300064391723
1994-05-01,4.14,1.2152380952380952,7.586666666666666,0.002228396929764287,335.0,6.1,1526.0,0.00512091689888261,58.2,92.8,3.1,0.0025723472668810476
1994-06-01,4.14,1.1699999999999997,7.507272727272727,0.002209717265989619,317.0,6.1,1409.0,0.006382060742067708,58.8,91.2,2.7,0.003207184092366866
1994-07-01,4.33,1.1680000000000001,7.6865,0.002108982347543753,372.0,6.1,1439.0,0.001532338280300527,58.5,89.0,2.9,0.0019181585677747748
1994-08-01,4.48,1.058695652173913,7.594347826086957,0.0011206012982576397,286.0,6.0,1450.0,0.00594338316526466,58.0,91.7,3.1,0.002552648372686761
1994-09-01,4.62,1.0647619047619048,7.8309523809523816,0.0015152135632088282,351.0,5.9,1474.0,0.003811514030556795,59.0,91.5,3.4,0.0025461489497136114
1994-10-01,4.95,1.0154999999999998,8.084999999999997,0.0023443463090178085,211.0,5.8,1450.0,0.008468493928790677,59.4,92.7,3.0,0.0019047619047620756
1994-11-01,5.29,0.8065,8.192499999999999,0.0018357356540656955,411.0,5.6,1511.0,0.006163813434699517,59.2,91.6,3.2,0.0025348542458807355
1994-12-01,5.6,0.22428571428571434,7.85142857142857,0.00033932813030213005,296.0,5.5,1455.0,0.010501018251310112,56.1,95.1,3.0,0.0006321112515803584
1995-01-01,5.71,0.27249999999999996,7.803,0.002483039348710969,336.0,5.6,1407.0,0.0018284055075941108,57.4,97.6,3.0,0.004421983575489508
1995-02-01,5.77,0.35789473684210527,7.573157894736843,0.001637724510374694,196.0,5.4,1316.0,-0.0016262177906046782,55.1,95.1,3.0,0.002515723270440251
1995-03-01,5.73,0.42913043478260876,7.3621739130434785,0.0024593265228907146,210.0,5.4,1249.0,0.0014406057092188895,52.1,90.3,3.2,0.0031367628607277265
1995-04-01,5.65,0.4947368421052632,7.265263157894736,0.002318496751408494,162.0,5.8,1267.0,-0.0006388940729975534,51.5,92.5,3.3,0.0031269543464664817
1995-05-01,5.67,0.46181818181818185,6.850909090909092,0.0017079534145618691,-20.0,5.6,1314.0,0.0033968909996020535,46.7,89.8,3.0,0.0018703241895261513
1995-06-01,5.47,0.4522727272727273,6.407727272727272,0.000859233402698667,237.0,5.6,1281.0,0.003393542216860723,45.9,92.7,2.9,0.002489110143123918
1995-07-01,5.42,0.49800000000000005,6.547499999999999,0.0015828515473044202,94.0,5.7,1461.0,-0.003977785058800309,50.7,94.4,2.9,0.0018621973929238145
1995-08-01,5.4,0.5073913043478261,6.732608695652175,0.0023973107262913462,254.0,5.7,1416.0,0.012622610322103656,47.1,96.2,2.9,0.0024783147459728205
1995-09-01,5.28,0.39150000000000007,6.3934999999999995,0.0013227159768056662,241.0,5.6,1369.0,0.004009665078193114,48.1,88.9,2.8,0.0024721878862792313
1995-10-01,5.28,0.3476190476190476,6.2266666666666675,0.002428447528187272,156.0,5.5,1369.0,-0.001230050124542581,46.7,90.2,2.9,0.0030826140567201676
1995-11-01,5.36,0.45142857142857135,6.166666666666667,0.0006389180986863252,144.0,5.6,1452.0,0.0025166763273125614,45.9,88.2,2.8,0.0018438844499077955
1995-12-01,5.14,0.387,5.9094999999999995,0.0014100432324577472,145.0,5.6,1431.0,0.003816279141190204,46.2,91.0,2.7,0.0006134969325153339
1996-01-01,5.0,0.54,5.942380952380953,0.001129102960906403,-4.0,5.6,1467.0,-0.006536704112377056,45.5,89.3,2.8,0.0036787247087675112
1996-02-01,4.83,0.7799999999999999,6.2315,0.0013003210997000192,423.0,5.5,1491.0,0.015402207431032933,45.9,88.5,2.8,0.0018326206475260953
1996-03-01,4.96,0.6076190476190476,6.570952380952383,0.002318986536626655,254.0,5.5,1424.0,-0.0009402065553364425,46.9,93.7,2.9,0.0024390243902439046
1996-04-01,4.95,0.5540909090909092,6.72181818181818,0.0013485106889303822,165.0,5.6,1516.0,0.009148252909397803,49.3,92.7,3.0,0.001216545012165282
1996-05-01,5.02,0.6418181818181816,6.9904545454545435,0.0017427813205530551,328.0,5.6,1504.0,0.007323147109063788,49.1,89.4,3.1,0.002430133657351119
1996-06-01,5.09,0.6149999999999998,7.134500000000001,0.0007644353063671616,283.0,5.3,1467.0,0.008450181195879924,53.6,92.4,2.9,0.00242424242424244
1996-07-01,5.15,0.5954545454545453,7.094999999999999,0.001883288775335501,246.0,5.5,1472.0,-0.0012965626283526488,49.7,94.7,3.0,0.0018137847642079041
1996-08-01,5.05,0.6063636363636363,6.881818181818184,0.0008675763072798492,184.0,5.1,1557.0,0.00579891756976636,51.6,95.3,3.1,0.0018105009052504784
1996-09-01,5.09,0.598,7.066999999999998,0.003020751247701625,211.0,5.2,1475.0,0.0068857670221493805,51.1,94.7,3.2,0.003012048192771122
1996-10-01,4.99,0.6209090909090909,6.796818181818183,0.0023831347387717194,255.0,5.2,1392.0,-0.0005945015607257131,50.5,96.5,3.0,0.0018018018018017834
1996-11-01,5.03,0.5021052631578948,6.43421052631579,0.0013063015989129845,296.0,5.4,1489.0,0.008828568335105924,53.0,99.2,3.0,0.0023980815347719453
1996-12-01,4.91,0.5204761904761905,6.536666666666667,0.0003913792203726896,182.0,5.4,1370.0,0.006498770195809023,55.2,96.9,3.0,0.0011961722488038617
1997-01-01,5.03,0.570952380952381,6.824761904761904,0.0010563104770351384,220.0,5.3,1355.0,0.0014175624699708234,53.8,97.4,3.0,0.002389486260454099
1997-02-01,5.01,0.5210526315789474,6.640000000000001,0.002058283287521334,312.0,5.2,1486.0,0.012097365187097697,53.1,99.7,3.0,0.0017878426698449967
1997-03-01,5.14,0.47250000000000003,6.851999999999999,0.002392064585743814,315.0,5.2,1457.0,0.0066961246642653904,53.8,100.0,2.8,0.0017846519928614857
1997-04-01,5.16,0.43727272727272726,7.011818181818183,0.001945399131054959,296.0,5.1,1492.0,0.00023483414070368802,53.7,101.4,3.0,0.002969121140142583
1997-05-01,5.05,0.4342857142857143,6.854285714285713,0.0007378163225681966,260.0,4.9,1442.0,0.005853495441476841,56.1,103.2,2.9,0.001776198934280604
1997-06-01,4.93,0.3990476190476191,6.612380952380953,0.001474544701986824,268.0,5.0,1494.0,0.004878448184207684,54.9,104.5,2.8,0.0011820330969267712
1997-07-01,5.05,0.32954545454545453,6.319999999999999,0.0006716090202256719,297.0,4.9,1437.0,0.007627525736210616,57.7,107.1,2.7,0.0017709563164107767
1997-08-01,5.14,0.3595238095238096,6.437142857142858,-0.0003872066909316185,-18.0,4.8,1390.0,0.010448285392556045,56.3,104.4,2.7,0.0005892751915146377
1997-09-01,4.95,0.32666666666666666,6.310952380952379,0.0020659022828222184,492.0,4.9,1546.0,0.008883033489645475,53.9,106.0,2.8,0.002355712603062221
1997-10-01,4.97,0.25772727272727275,6.130909090909092,0.001520461808060869,344.0,4.7,1520.0,0.008603553420288401,56.4,105.6,2.8,0.002350176263219872
1997-11-01,5.14,0.1622222222222222,5.9461111111111125,0.0003087769858221012,306.0,4.6,1510.0,0.008779013942656455,55.7,107.2,2.9,0.0011723329425556983
1997-12-01,5.16,0.09363636363636368,5.844090909090909,0.0005659163987137283,314.0,4.7,1566.0,0.00308355742456623,54.5,102.1,2.8,0.0023419203747070405
1998-01-01,5.04,0.18750000000000006,5.673,0.0015425354140423675,263.0,4.6,1525.0,0.005135450851287748,53.8,106.6,2.3,0.00233644859813098
1998-02-01,5.09,0.1568421052631579,5.656842105263158,0.0008470878147701644,204.0,4.6,1584.0,0.001313368895085043,52.9,110.4,2.4,0.0017482517482518833
1998-03-01,5.03,0.08590909090909095,5.682727272727272,0.0010643754808925543,148.0,4.7,1567.0,0.0006754171219391925,52.9,106.5,2.5,0.0017452006980802626
1998-04-01,4.95,0.07333333333333336,5.663333333333332,0.0018446639252909236,278.0,4.3,1540.0,0.003700768718656322,52.2,108.7,2.4,0.0017421602787457413
1998-05-01,5.0,0.05900000000000001,5.677,0.0009717800196913373,402.0,4.4,1536.0,0.006358652805622311,50.9,106.5,2.6,0.002318840579710102
1998-06-01,4.98,-0.023636363636363632,5.468636363636364,-0.0012646423872361146,232.0,4.5,1641.0,-0.006274003594267441,48.9,105.6,2.7,0.001735106998264735
1998-07-01,4.96,0.0031818181818181815,5.461363636363637,0.00282666530236364,129.0,4.5,1698.0,-0.003473521142922764,49.2,105.2,2.6,0.0017321016166282899
1998-08-01,4.9,0.07333333333333333,5.409047619047619,0.0019514061603214117,339.0,4.5,1614.0,0.02052456003583525,49.3,104.4,2.4,0.0028818443804035088
1998-09-01,4.61,0.14047619047619048,4.98952380952381,-0.00016548282797435032,208.0,4.6,1582.0,-0.0019543084489991314,48.7,100.9,2.3,0.0011494252873562871
1998-10-01,3.96,0.43809523809523804,4.875714285714286,0.0019479279393976867,202.0,4.5,1715.0,0.00809709275704762,48.7,97.4,2.5,0.0011481056257176547
1998-11-01,4.41,0.2873684210526316,5.117368421052631,0.00016518844189183923,277.0,4.4,1660.0,-0.0006493382693507632,48.2,102.7,2.3,0.002293577981651307
1998-12-01,4.39,0.1386363636363636,4.84,0.0017278398190849753,365.0,4.4,1792.0,0.003713396281890491,46.8,100.5,2.5,0.003432494279176135
1999-01-01,4.34,0.10684210526315793,4.843684210526316,0.0019151013989120447,106.0,4.3,1748.0,0.004681313987927149,50.6,103.9,2.7,0.0011402508551880963
1999-02-01,4.44,0.12263157894736845,5.083157894736842,1.265854831755675e-05,418.0,4.4,1670.0,0.005332775424719216,51.7,108.1,2.5,0.0
1999-03-01,4.44,0.1795652173913043,5.324782608695651,0.0003417764781832311,107.0,4.2,1710.0,0.0015862543807407814,52.4,105.7,2.7,0.0005694760820045275
1999-04-01,4.29,0.2077272727272727,5.289545454545454,0.002328347632424732,370.0,4.3,1553.0,0.0027132498322870457,52.3,104.6,2.7,0.0034149117814457064
1999-05-01,4.5,0.285,5.642,0.0007827294533520046,211.0,4.2,1611.0,0.006884359080057356,54.3,106.8,2.8,0.0011344299489506326
1999-06-01,4.57,0.2809090909090909,5.989999999999998,0.00042890301745868165,281.0,4.3,1559.0,-0.0016704615115159527,55.8,107.3,2.5,0.0005665722379604166
1999-07-01,4.55,0.23714285714285713,5.905238095238095,0.0017653140998159511,325.0,4.3,1669.0,0.00632898900650658,53.6,106.0,2.7,0.0028312570781428015
1999-08-01,4.72,0.260909090909091,6.036818181818182,0.00042796364826425126,155.0,4.2,1648.0,0.004209133918667618,54.8,104.5,2.8,0.001129305477131748
1999-09-01,4.68,0.25333333333333335,6.0285714285714285,0.0025541016607952827,203.0,4.2,1635.0,-0.004219702288013827,57.0,107.2,2.7,0.0028200789622110367
1999-10-01,4.86,0.2495,6.190499999999999,0.0015812657655960294,405.0,4.1,1608.0,0.0133360210952993,57.2,103.2,2.9,0.0016872890888637304
1999-11-01,5.07,0.172,6.098999999999999,0.0009397436379356972,289.0,4.1,1648.0,0.0047226872864871705,58.1,107.2,2.9,0.0016844469399215356
1999-12-01,5.2,0.17090909090909087,6.364545454545453,0.0013519603424967386,306.0,4.0,1708.0,0.007729263857718216,57.8,105.4,3.0,0.0016816143497757619
2000-01-01,5.32,0.221,6.7425,0.002550255025502546,233.0,4.0,1636.0,0.00017523494758342473,56.7,112.0,3.0,0.003357582540570947
2000-02-01,5.55,-0.091,6.361000000000001,0.001558681230984016,119.0,4.1,1737.0,0.0029721011130248165,55.8,111.3,2.9,0.000557724484104849
2000-03-01,5.69,-0.2717391304347826,6.009130434782608,0.0020169071600204536,472.0,4.0,1604.0,0.00362392105505549,54.9,107.1,3.2,0.0033444816053511683
2000-04-01,5.66,-0.41315789473684217,5.718421052631578,0.0004845743821677573,292.0,3.8,1626.0,0.007202683600919801,54.7,109.2,3.2,0.0016666666666667052
2000-05-01,5.79,-0.36909090909090914,6.193181818181818,0.0009314224683936168,217.0,4.0,1575.0,0.0017040075072685124,53.2,110.7,3.0,0.002218524681086853
2000-06-01,5.69,-0.3845454545454546,5.8936363636363645,0.0006203704852538738,-44.0,4.0,1559.0,0.0009598143104339041,51.4,106.4,2.9,0.0022136137244050946
2000-07-01,5.96,-0.2849999999999999,5.929,0.0021823502424143104,175.0,4.0,1463.0,-0.0015114592005247562,52.5,108.3,3.0,0.002208724461623346
2000-08-01,6.09,-0.40260869565217383,5.591304347826087,0.0012125261373621132,-6.0,4.1,1541.0,-0.0029228815385612394,49.9,107.3,2.7,0.002203856749311228
2000-09-01,6.0,-0.2825,5.663499999999999,0.002409757664882939,123.0,3.9,1507.0,0.00385893787928393,49.7,106.8,2.9,0.0021990104452995762
2000-10-01,6.11,-0.1738095238095238,5.694285714285714,0.001454706839587594,-2.0,3.9,1549.0,-0.00294735521901357,48.7,105.8,3.2,0.001645639056500281
2000-11-01,6.17,-0.1580952380952381,5.736666666666666,0.0016372454883424314,205.0,3.9,1551.0,0.00027149700724327097,48.5,107.6,2.9,0.0027382256297918683
2000-12-01,5.77,-0.1115,5.313000000000001,0.0007128196934873543,153.0,3.9,1532.0,-0.0027833989535005488,43.9,98.4,2.8,0.0010922992900055384
2001-01-01,5.15,0.40095238095238095,5.463333333333334,0.0033527786306415397,-11.0,4.2,1600.0,-0.006436710583423544,42.3,94.7,3.0,0.003273322422258529
2001-02-01,4.88,0.44210526315789467,5.311578947368421,0.00157898602168971,91.0,4.2,1625.0,-0.006399082762880592,42.1,90.6,2.8,0.002718868950516651
2001-03-01,4.42,0.5431818181818181,5.128181818181819,0.0010021142165790309,-42.0,4.3,1590.0,-0.002338731826126983,43.1,91.5,2.8,0.0016268980477223138
2001-04-01,3.87,0.907,5.5185,0.0016481705307107575,-284.0,4.4,1649.0,-0.002915063044106936,42.7,88.4,3.1,0.0021656740660531693
2001-05-01,3.62,1.1313636363636366,5.854999999999999,0.00028033737994248575,-53.0,4.3,1605.0,-0.0061093519421189235,41.3,92.0,3.2,0.0010804970286333315
2001-06-01,3.49,1.2042857142857142,5.761428571428572,0.0022664408349275522,-111.0,4.5,1636.0,-0.005977862957061042,43.2,92.6,3.0,0.0037776578521315773
2001-07-01,3.51,1.1976190476190478,5.71047619047619,0.0025774135897778105,-122.0,4.6,1670.0,-0.005713771977712501,43.5,92.4,2.6,0.0021505376344086446
2001-08-01,3.36,1.2139130434782608,5.368695652173913,0.0005578124052627587,-149.0,4.9,1567.0,-0.0012397418983738362,46.3,91.5,2.7,0.0016094420600858417
2001-09-01,2.64,1.6129411764705879,5.348235294117647,-0.005599253432875484,-257.0,5.0,1562.0,-0.0038241918858632484,46.2,81.8,2.8,0.002142474558114671
2001-10-01,2.16,1.8409090909090913,5.2236363636363645,0.007166449316871493,-317.0,5.3,1540.0,-0.0043513061035445055,40.8,82.7,1.0,0.0016034206306787535
2001-11-01,1.87,1.8690000000000002,5.3305,0.002093493229425203,-312.0,5.5,1602.0,-0.004899292324441973,44.1,83.9,0.4,0.003735325506937004
2001-12-01,1.69,1.9805,5.785500000000001,0.00022944088878151803,-160.0,5.7,1568.0,0.00023539553080031972,45.3,88.8,1.8,0.0015948963317384823
2002-01-01,1.65,2.0076190476190474,5.731428571428571,0.0003984111844885785,-130.0,5.7,1698.0,0.00632103708761611,47.5,93.0,1.9,0.0015923566878979223
2002-02-01,1.72,1.8963157894736842,5.524736842105263,0.001870580000482791,-116.0,5.7,1829.0,-0.0002646042903226009,50.7,90.7,2.1,0.002119766825649183
2002-03-01,1.79,1.7265000000000001,5.83,0.0012407097341509132,-19.0,5.7,1642.0,0.00815658176954015,52.4,95.7,2.7,0.0005288207297726721
2002-04-01,1.71,1.788181818181818,5.7749999999999995,0.0029595765158805243,-94.0,5.9,1592.0,0.00412971960173425,52.4,93.0,2.8,0.0026427061310783095
2002-05-01,1.73,1.900454545454545,5.834545454545455,0.0011875344864813453,11.0,5.8,1764.0,0.004227731182690819,53.1,96.9,2.7,0.001581444385872599
2002-06-01,1.7,1.9335,5.667,0.0015455580183310058,50.0,5.8,1717.0,0.009515290579343638,53.6,92.4,2.7,0.001052631578947416
2002-07-01,1.68,2.096363636363636,5.499090909090908,0.0018063497380196303,-94.0,5.8,1655.0,-0.002395995188747446,50.2,88.1,2.6,0.001577287066246047
2002-08-01,1.62,2.1236363636363644,5.220000000000001,0.001850856767568132,-3.0,5.7,1633.0,0.0001308680088862868,50.3,87.6,2.6,0.0031496062992124596
2002-09-01,1.63,1.8654999999999997,4.802,0.0015852205005959519,-86.0,5.7,1804.0,0.0013889499645522996,50.5,86.1,2.5,0.0010465724751440586
2002-10-01,1.58,2.029090909090909,4.9368181818181816,0.0009044066021681729,127.0,5.7,1648.0,-0.0030203908514289113,49.0,80.6,2.5,0.001045478306325176
2002-11-01,1.23,2.125263157894737,5.042105263157894,0.0009749253944286718,-13.0,5.9,1753.0,0.0052200499766876796,48.5,84.2,2.4,0.002088772845953102
2002-12-01,1.19,2.1961904761904756,5.031428571428572,0.000819565036642933,-143.0,6.0,1788.0,-0.004905455101192446,51.6,86.7,2.5,0.0010422094841062712
2003-01-01,1.17,2.3052380952380953,5.044761904761906,0.0003916449086160956,108.0,5.8,1853.0,0.0076199947803841095,51.3,82.4,2.5,0.001561686621551317
2003-02-01,1.17,2.274736842105263,4.907368421052631,0.0010677043170843614,-136.0,5.9,1629.0,0.0014218747002230359,48.8,79.9,2.7,0.0005197505197505059
2003-03-01,1.13,2.2333333333333334,4.83047619047619,0.0012917293767702454,-212.0,5.9,1726.0,-0.0023139179932135656,46.3,77.6,3.1,0.0
2003-04-01,1.13,2.3361904761904766,4.988571428571428,0.0007811390427496789,-55.0,6.0,1643.0,-0.007148816140684633,46.1,86.0,2.4,0.0
2003-05-01,1.07,2.153809523809523,4.6223809523809525,0.0012062726176114147,19.0,6.1,1751.0,0.00028044703902718737,49.0,92.1,2.0,0.002077922077922123
2003-06-01,0.92,2.107142857142857,4.402857142857143,0.00041341837940001014,-2.0,6.3,1867.0,0.0016736167954642944,49.0,89.7,2.1,0.0005184033177811909
2003-07-01,0.9,2.501363636363637,5.078636363636364,0.002385028632150732,-3.0,6.2,1897.0,0.004403330487862345,51.0,90.9,1.7,0.002072538860103723
2003-08-01,0.95,2.5809523809523807,5.52047619047619,0.000965876297160051,-42.0,6.1,1833.0,-0.0014264634596862225,53.2,89.3,2.5,0.0010341261633919352
2003-09-01,0.94,2.568095238095238,5.3638095238095245,0.001188528930677002,105.0,6.1,1939.0,0.005886151878756962,52.4,87.7,2.8,0.0005165289256197081
2003-10-01,0.92,2.542727272727273,5.395,0.0016220028208744353,200.0,6.0,1967.0,0.0014116381486704022,55.2,89.6,2.6,0.0015487867836860847
2003-11-01,0.93,2.373333333333333,5.312777777777779,0.0013377455467153965,20.0,5.8,2083.0,0.007705298600223731,58.4,93.7,2.7,0.0
2003-12-01,0.9,2.360454545454545,5.266818181818182,0.0014062719729996953,114.0,5.7,2057.0,-0.000712075151315994,60.1,92.6,2.6,0.0010309278350515427
2004-01-01,0.88,2.3895,5.1795,0.002925619060993201,181.0,5.7,1911.0,0.0025541235972348364,60.8,103.8,2.7,0.002059732234809486
2004-02-01,0.93,2.34421052631579,5.100526315789475,0.0018669342605772687,56.0,5.6,1846.0,0.006058343891450324,59.9,94.4,2.6,0.0015416238437822027
2004-03-01,0.94,2.2486956521739128,4.866086956521739,0.0017935757378120254,317.0,5.8,1998.0,-0.004973626922590624,60.6,95.8,2.9,0.0030785017957926097
2004-04-01,0.94,2.276666666666667,5.305714285714286,0.002580915178571397,269.0,5.6,2003.0,0.00451323827209249,60.6,94.2,3.2,0.002046035805626678
2004-05-01,1.02,2.1819999999999995,5.580500000000001,0.0013683063150815578,283.0,5.6,1981.0,0.007926724070327573,61.4,90.2,3.3,0.0015313935681469104
2004-06-01,1.27,1.9704761904761903,5.538571428571428,0.001621195979433887,99.0,5.6,1828.0,-0.008244066699447994,60.5,95.6,3.3,0.0020387359836901986
2004-07-01,1.33,1.8595238095238094,5.307619047619048,0.0012601738808732943,55.0,5.5,2002.0,0.007704867790284453,59.9,96.7,3.0,0.0010172939979655737
2004-08-01,1.48,1.7731818181818182,5.088181818181818,0.0004272270654117616,89.0,5.4,2024.0,0.0007369846945923797,58.5,95.9,2.8,0.000508130081300795
2004-09-01,1.65,1.6004761904761904,4.896190476190476,0.001892846425521233,156.0,5.4,1905.0,0.000842240650558379,57.4,94.2,2.8,0.003047232097511454
2004-10-01,1.76,1.5125,4.8465,0.0021657489113655615,354.0,5.5,2072.0,0.009521124833792305,56.3,91.7,3.1,0.0020253164556962577
2004-11-01,2.07,1.342,4.863,0.002126583442536356,56.0,5.4,1782.0,0.002097333522226741,56.2,92.8,2.8,0.002021222839818204
2004-12-01,2.19,1.2190909090909092,4.863636363636363,0.001238830452287898,121.0,5.4,2042.0,0.007356549336824614,57.2,97.1,3.0,0.001512859304084735
2005-01-01,2.33,0.9990000000000002,4.735999999999999,0.0035858718938672762,150.0,5.3,2144.0,0.004603800601636454,56.8,95.5,2.9,0.002014098690835908
2005-02-01,2.54,0.7805263157894737,4.564210526315789,0.0015981735159817934,258.0,5.4,2207.0,0.0068775971938916935,55.5,94.1,2.9,0.0020100502512563345
2005-03-01,2.74,0.770909090909091,4.829999999999999,0.002336448598130758,124.0,5.2,1864.0,-0.0015865052546701897,55.2,92.6,3.2,0.0035105315947843163
2005-04-01,2.78,0.687142857142857,4.683333333333333,0.0009892546477912045,362.0,5.2,2061.0,0.0016846900643565643,52.2,87.7,3.3,0.0004997501249375258
2005-05-01,2.84,0.5004761904761905,4.435714285714286,0.001953834969102175,172.0,5.1,2025.0,0.0013058767469495969,50.8,86.9,3.2,0.0014985014985016143
2005-06-01,2.97,0.35772727272727267,4.22409090909091,0.0006235544873249843,252.0,5.0,2068.0,0.00383521429510858,52.4,96.0,3.2,0.0004987531172069293
2005-07-01,3.22,0.3065,4.3759999999999994,0.0014502770255724329,354.0,5.0,2054.0,-0.0031614647353159775,52.8,96.5,3.0,0.0014955134596212893
2005-08-01,3.44,0.21826086956521737,4.40304347826087,0.0007693439080407316,202.0,4.9,2095.0,0.0027521039598992214,52.4,89.1,3.1,0.0009955201592830587
2005-09-01,3.42,0.2528571428571429,4.391904761904762,0.00213667966762765,68.0,5.0,2151.0,-0.018666546598828382,56.8,76.9,4.3,0.0009945300845350946
2005-10-01,3.71,0.19250000000000003,4.5985,0.00277514552592395,89.0,5.0,2065.0,0.0126124233899787,57.2,74.2,4.6,0.003477396920019915
2005-11-01,3.88,0.11850000000000002,4.6175,0.0025087186410168716,338.0,5.0,2147.0,0.010136444783209964,56.7,81.6,3.3,0.0024752475247524774
2005-12-01,3.89,0.06285714285714288,4.541904761904762,0.0010548404834311853,156.0,4.9,1994.0,0.006201057399403576,55.1,91.5,3.1,0.001481481481481639
2006-01-01,4.24,0.020499999999999997,4.486500000000001,0.002275606174403366,280.0,4.7,2273.0,0.0011788749570305068,55.0,91.2,3.0,0.001972386587770991
2006-02-01,4.43,-0.0994736842105263,4.565789473684209,0.0014987137904036718,308.0,4.8,2119.0,4.15583593156299e-05,55.8,86.7,3.0,0.0019685039370078705
2006-03-01,4.51,-0.010000000000000004,4.731739130434782,0.0024792280889842644,310.0,4.7,1969.0,0.002060021629237463,54.3,88.9,3.0,0.0034381139489194634
2006-04-01,4.6,0.10157894736842103,5.078947368421052,0.0026067776218166028,158.0,4.7,1821.0,0.004010857555312164,55.2,87.4,3.3,0.0024473813020069457
2006-05-01,4.72,0.14181818181818182,5.222272727272728,0.002277777777777823,39.0,4.6,1942.0,-0.001006084697973031,53.7,79.1,4.0,0.0029296875
2006-06-01,4.79,-0.015454545454545455,5.1454545454545455,0.0024610609168007613,81.0,4.6,1802.0,0.003842329615373341,52.0,84.9,3.3,0.0024342745861734016
2006-07-01,4.95,-0.031000000000000007,5.135000000000001,0.0011058643989072525,195.0,4.7,1737.0,-0.0003667770593698272,53.0,84.7,3.2,0.0019426906265178623
2006-08-01,4.96,-0.026956521739130438,4.930869565217392,0.0020546356335677807,174.0,4.7,1650.0,0.0039320369776292274,53.7,82.0,3.8,0.002423654871546388
2006-09-01,4.81,-0.05000000000000001,4.7705,0.0015323051822782041,149.0,4.5,1720.0,-0.0020276998456992823,52.2,85.4,3.1,0.0019342359767891004
2006-10-01,4.92,-0.06666666666666668,4.7714285714285705,0.001750099062211019,9.0,4.4,1491.0,-0.0005718471053178797,51.4,93.6,3.1,0.0019305019305020377
2006-11-01,4.94,-0.14523809523809522,4.608095238095238,0.000516421091955932,211.0,4.5,1570.0,-0.0009601555060019251,50.3,92.1,3.0,0.0009633911368016612
2006-12-01,4.85,-0.10900000000000001,4.595999999999998,0.001449625513408881,186.0,4.4,1649.0,0.01039925938130093,51.4,91.7,2.9,0.0014436958614050255
2007-01-01,4.98,-0.11666666666666665,4.766190476190476,0.004320649193990667,228.0,4.6,1409.0,-0.0052014380389249215,49.5,96.9,3.0,0.0024026910139356428
2007-02-01,5.03,-0.12631578947368421,4.734736842105263,0.0022165443745632007,81.0,4.5,1480.0,0.01007968325734443,51.9,91.3,3.0,0.002564717162032659
2007-03-01,4.94,-0.0090909090909091,4.6481818181818175,0.0008824779108151937,235.0,4.4,1495.0,0.0021801202398614716,50.7,88.4,3.0,0.0013531929136683107
2007-04-01,4.87,0.027619047619047623,4.7942857142857145,0.001142944224321818,49.0,4.5,1490.0,0.007029255311458815,52.6,87.1,3.3,0.0015710206381496228
2007-05-01,4.73,-0.02,4.825454545454547,0.0010437845889554875,151.0,4.4,1415.0,0.00048621094280898447,52.5,88.3,3.3,0.0014827387280866855
2007-06-01,4.61,0.1223809523809524,5.179523809523809,0.0016292128729538113,76.0,4.6,1448.0,0.00028220969232450877,52.6,85.3,3.4,0.00159003703738958
2007-07-01,4.82,0.18523809523809523,5.123809523809523,0.0016157191034384955,-31.0,4.7,1354.0,-0.00037298551955444736,52.4,90.4,3.4,0.0018109053576180756
2007-08-01,4.2,0.3617391304347826,4.917391304347826,0.0014615451238524368,-23.0,4.6,1330.0,0.0022282241082558496,50.9,83.4,3.2,0.0016415764827564239
2007-09-01,3.89,0.51,4.8442105263157895,0.00258369998810859,80.0,4.7,1183.0,0.0038709147768711816,51.0,83.4,3.1,0.0020604493200517826
2007-10-01,3.9,0.56,4.857272727272728,0.0023829548640312836,79.0,4.7,1264.0,-0.0042220935307828444,51.1,80.9,3.1,0.0024721820433553088
2007-11-01,3.27,0.812,4.63,0.0018394414982305651,110.0,4.7,1197.0,0.0058892005221686805,50.5,76.1,3.4,0.002749001541892726
2007-12-01,3.0,0.9804999999999998,4.7075,0.0019863852084094358,108.0,5.0,1037.0,0.00011297418302569362,49.0,75.5,3.4,0.0023887896172294365
2008-01-01,2.75,1.2685714285714285,4.508095238095238,0.0021431862750351804,11.0,5.0,1084.0,-0.0026939875096942956,50.3,78.4,3.4,0.002828754784958143
2008-02-01,2.12,1.7645,4.696,0.0010906874538862965,-79.0,4.9,1103.0,-0.0033551649075449497,47.6,70.8,3.6,0.0007858877022608457
2008-03-01,1.26,1.8929999999999993,4.5365,0.002221723758558447,-49.0,5.1,1005.0,-0.0023665497080491704,48.3,69.5,4.3,0.002248304423223324
2008-04-01,1.29,1.627727272727273,4.508636363636364,0.0008845879205789942,-240.0,5.0,1013.0,-0.007574075066818842,48.8,62.6,4.8,0.0006529241675217179
2008-05-01,1.73,1.4342857142857142,4.606666666666666,0.0020338188942838897,-177.0,5.4,973.0,-0.005634202240948349,48.8,59.8,5.2,0.001752423564504113
2008-06-01,1.86,1.3257142857142858,4.713809523809523,0.002082824139506778,-171.0,5.6,1046.0,-0.002345607515256587,49.8,56.4,5.1,0.0022704432947482367
2008-07-01,1.63,1.4345454545454546,4.712272727272727,0.0013891981887401705,-196.0,5.8,923.0,-0.005292456086616104,50.0,61.2,5.1,0.002511326500297173
2008-08-01,1.72,1.4652380952380955,4.629523809523809,0.0011966536058456434,-278.0,6.1,844.0,-0.015297135293968256,49.2,63.0,4.8,0.0019818026069038375
2008-09-01,1.13,1.6099999999999999,4.488095238095238,0.0013221497096558288,-460.0,6.1,820.0,-0.04336811425587639,44.8,70.3,4.3,0.0014787909035873792
2008-10-01,0.67,2.2018181818181817,4.9018181818181805,-0.000792242362783635,-481.0,6.5,777.0,0.009511594266063073,38.9,57.6,3.9,0.00034607983831147493
2008-11-01,0.19,2.3138888888888887,4.761666666666666,7.400124744960657e-05,-727.0,6.8,652.0,-0.01256845991908151,36.5,55.3,2.9,0.0007334354300052581
2008-12-01,0.03,1.5954545454545455,3.3109090909090906,-0.0002114164904861715,-706.0,7.3,560.0,-0.0292357420583903,33.1,60.1,1.7,-0.00010140725615004342
2009-01-01,0.13,1.7105000000000001,3.4385000000000012,-2.1146119686954457e-05,-784.0,7.8,490.0,-0.023750671566645676,34.9,61.2,2.2,0.0019407629364986967
2009-02-01,0.3,1.894736842105263,3.8684210526315788,0.0010679016261709862,-743.0,8.3,582.0,-0.006449004968293259,35.5,56.3,1.9,0.0020520276425606276
2009-03-01,0.21,1.8881818181818182,3.8231818181818173,0.0010245144118548044,-800.0,8.7,505.0,-0.01585623912384926,36.0,57.3,2.0,0.002116698501322345
2009-04-01,0.16,2.0,3.9961904761904754,0.0023951211277117856,-695.0,9.0,478.0,-0.007980587759503943,39.5,65.1,2.8,0.0020755728443595522
2009-05-01,0.18,2.3634999999999997,4.452,0.0009894424386598377,-342.0,9.4,540.0,-0.01007976844050662,41.7,68.7,2.8,0.000905324956791409
2009-06-01,0.18,2.5377272727272726,4.737727272727273,0.0012303227231142966,-467.0,9.5,585.0,-0.00390434190732758,45.8,70.8,3.1,0.0009501882103570836
2009-07-01,0.18,2.5431818181818184,4.661818181818183,0.000808704602264454,-340.0,9.5,594.0,0.011003259289203982,49.9,66.0,2.9,0.0006891452773012396
2009-08-01,0.17,2.4719047619047623,4.6033333333333335,0.0014586896978729946,-183.0,9.6,586.0,0.011208386012861116,53.5,65.7,2.8,0.0010626507892348425
2009-09-01,0.12,2.4457142857142853,4.434761904761905,0.001833804883160317,-241.0,9.8,585.0,0.007566923915119261,54.4,73.5,2.2,0.001931698071946597
2009-10-01,0.07,2.438571428571428,4.442380952380954,0.003723654620574113,-199.0,10.0,534.0,0.0032009329643694073,56.0,70.6,2.9,0.002641869770825922
2009-11-01,0.05,2.599473684210526,4.574736842105263,0.0008545138129032459,12.0,9.9,588.0,0.003976452466500913,54.4,67.4,2.7,0.000748295926095599
2009-12-01,0.05,2.715454545454545,4.839545454545455,0.0006767801922056282,-269.0,9.9,581.0,0.003051888750518872,55.3,72.5,2.5,0.000974323185266357
2010-01-01,0.06,2.8042105263157895,4.982105263157894,0.0012485953302534547,2.0,9.8,614.0,0.01159875161676216,57.2,74.4,2.8,-0.0011227765176723414
2010-02-01,0.11,2.8342105263157893,5.018421052631578,0.0007274389990439278,-92.0,9.8,604.0,0.003597914998439977,55.8,73.6,2.7,0.0004441765284430854
2010-03-01,0.15,2.7686956521739132,5.021739130434782,0.0012876695258468018,181.0,9.9,636.0,0.0065797769419744245,58.8,73.6,2.7,0.00023558086539732237
2010-04-01,0.16,2.7863636363636366,5.112272727272728,0.000352616622762536,231.0,9.9,687.0,0.0037181706557176675,58.1,72.2,2.9,0.00017664403509343174
2010-05-01,0.16,2.5895,4.659999999999998,0.0009952724558348613,540.0,9.6,583.0,0.014590568904152557,58.3,73.6,3.2,0.0006339948012425989
2010-06-01,0.12,2.479545454545454,4.411818181818181,0.000331427624492564,-139.0,9.4,536.0,0.001484628264989185,56.4,76.0,2.8,0.0010499542907829174
2010-07-01,0.16,2.394761904761905,4.260000000000001,1.0353681769048606e-05,-84.0,9.4,546.0,0.004382690753994334,56.4,67.8,2.7,0.0007640351908280163
2010-08-01,0.16,2.178181818181818,3.9318181818181825,0.000921468136874326,-5.0,9.5,599.0,0.0030699941805054642,58.0,68.9,2.7,0.0006595501506574397
2010-09-01,0.15,2.1676190476190476,3.8847619047619055,0.0004965140575541316,-65.0,9.5,594.0,0.002300703769412493,56.3,68.2,2.2,0.0009119268291581939
2010-10-01,0.13,2.164,3.8974999999999995,0.0012510080436716198,268.0,9.4,543.0,-0.002650903855450193,57.7,67.7,2.7,0.0005367347583113968
2010-11-01,0.14,2.309,4.176,0.0011565110539739631,125.0,9.8,545.0,0.0002880847515900342,57.6,71.6,3.0,0.0014380381373122475
2010-12-01,0.14,2.672727272727273,4.647272727272727,0.00020628126450406015,72.0,9.3,539.0,0.009686950471051059,57.5,74.5,3.0,0.0008732877483130785
2011-01-01,0.15,2.7795,4.7935,0.002464552719773083,19.0,9.1,630.0,-0.0012856561374724462,59.0,74.2,3.4,0.0020688755661297797
2011-02-01,0.13,2.8036842105263156,4.894736842105263,0.0018721583311045453,212.0,9.0,517.0,-0.004388323931271199,59.3,77.5,3.4,0.0018401906617055985
2011-03-01,0.1,2.7169565217391303,4.715217391304347,0.0015093022300711745,235.0,9.0,600.0,0.009934523647495475,59.1,67.5,4.6,0.0010796862189927925
2011-04-01,0.06,2.7205000000000004,4.7410000000000005,0.0022349117824957965,314.0,9.1,554.0,-0.0035826725534729986,58.9,69.8,4.6,0.0012217279619071153
2011-05-01,0.04,2.6133333333333333,4.494761904761905,0.002383363508965841,101.0,9.0,561.0,0.0022784328127616327,53.7,74.3,4.1,0.002002440474328182
2011-06-01,0.04,2.591818181818182,4.424545454545455,0.0011429271179868028,236.0,9.1,608.0,0.0028825682988071755,56.6,71.5,3.8,0.002328537972565936
2011-07-01,0.04,2.5965000000000003,4.464999999999999,0.00162069598189718,60.0,9.0,623.0,0.005317992783759218,52.9,63.7,3.4,0.002318678041985267
2011-08-01,0.02,2.072608695652174,3.584782608695652,0.00208619549178235,126.0,9.0,585.0,0.00559975784830935,53.0,55.8,3.5,0.002859451731211493
2011-09-01,0.01,1.7638095238095235,3.05,0.0007413425408755447,233.0,9.0,650.0,-0.00024264613286573145,52.8,59.5,3.3,0.0011334354605909702
2011-10-01,0.02,1.8715,3.2424999999999997,0.000537836274519643,204.0,8.8,610.0,0.006889955289023808,51.8,60.8,3.2,0.001715918237380487
2011-11-01,0.01,1.7599999999999998,3.119,0.0021197614507688645,132.0,8.6,711.0,-0.0008024637365721121,52.1,63.7,3.2,0.0017350533760696063
2011-12-01,0.01,1.720952380952381,3.064761904761905,0.001680076919184259,202.0,8.5,694.0,0.0055403269230571706,53.1,69.9,3.1,0.002230067122376056
2012-01-01,0.03,1.7259999999999998,3.098,0.003162542562973103,354.0,8.3,723.0,0.006123238139199572,52.8,75.0,3.3,0.002075592005452931
2012-02-01,0.09,1.6894999999999996,3.104,0.0015611780347284387,262.0,8.3,704.0,0.0022919234348668382,52.4,75.3,3.3,0.000688968171425719
2012-03-01,0.08,1.8281818181818181,3.328181818181818,0.0015889138064542063,240.0,8.2,695.0,-0.004669730968487329,53.0,76.2,3.9,0.001947078067305874
2012-04-01,0.08,1.7609523809523815,3.2109523809523806,0.0015663122383204886,82.0,8.2,753.0,0.007518524009354932,53.7,76.4,3.2,0.0018688889083413596
2012-05-01,0.09,1.518181818181818,2.8445454545454543,0.0009623770713662605,100.0,8.2,708.0,0.0019199083889385182,53.2,79.3,3.0,0.0013935912278018048
2012-06-01,0.09,1.3304761904761904,2.533333333333333,0.0009914971607125622,73.0,8.2,757.0,-0.00019581906318555387,51.0,73.2,3.1,0.0017406554287509035
2012-07-01,0.1,1.2785714285714285,2.433809523809524,0.0010405410813625338,152.0,8.2,740.0,0.0026240896627256483,50.6,72.3,3.0,0.0015111726612753174
2012-08-01,0.1,1.4095652173913045,2.642608695652174,0.0005896933594531362,172.0,8.1,754.0,-0.00477797467294705,51.1,74.3,3.6,0.0011436274296647841
2012-09-01,0.11,1.467894736842105,2.7773684210526315,0.0012685918630319648,187.0,7.8,847.0,0.0004897051754526593,52.2,78.3,3.3,0.0018502994792231053
2012-10-01,0.1,1.4690476190476192,2.7838095238095244,0.002374349049262703,159.0,7.8,915.0,0.0021200161353447378,51.2,82.6,3.1,0.001582422537165229
2012-11-01,0.09,1.3860000000000003,2.643,0.001094788805286795,156.0,7.7,833.0,0.004818376954094594,49.5,82.7,3.1,0.0013245377103678901
2012-12-01,0.07,1.4620000000000002,2.742,0.0008052810530292387,239.0,7.9,976.0,0.0035298526527571816,50.4,72.9,3.2,0.001707517399386127
2013-01-01,0.07,1.6495238095238096,3.0242857142857145,0.001966880904367807,191.0,8.0,888.0,-0.0013253534771212605,52.3,73.8,3.3,0.002174991908512336
2013-02-01,0.1,1.7168421052631577,3.1221052631578945,0.001179794775194587,278.0,7.7,962.0,0.0057438772311952935,53.1,77.6,3.3,0.0014640721012448843
2013-03-01,0.09,1.7014999999999998,3.0965000000000003,0.0009110354115502428,139.0,7.5,1010.0,0.004062150207841286,51.5,78.6,3.2,0.0009674548198599364
2013-04-01,0.06,1.5268181818181816,2.807727272727273,0.0008310578178796213,191.0,7.6,835.0,-0.0017188644886526605,50.0,76.4,3.1,0.00016323444762322836
2013-05-01,0.04,1.677727272727273,3.015454545454546,0.001067615658363108,222.0,7.5,930.0,0.00109409620962575,50.0,84.5,3.1,0.0007043705332601125
2013-06-01,0.05,1.9665000000000006,3.3964999999999996,0.0016688391199588537,181.0,7.5,839.0,0.0020373944938258948,52.5,84.1,3.0,0.0015193393878005779
2013-07-01,0.04,2.2413636363636367,3.7613636363636362,0.0012618669716177866,112.0,7.3,880.0,-0.00426168825627804,54.9,85.1,3.1,0.0022712663381188047
2013-08-01,0.04,2.380909090909091,3.9540909090909087,0.0011125879978339803,242.0,7.2,917.0,0.0066026138588894945,56.3,82.1,3.0,0.0019497178040022156
2013-09-01,0.02,2.4055,4.023000000000001,0.0011506913983359013,187.0,7.2,850.0,0.0051501751137823515,56.0,77.5,3.3,0.0015533251399697523
2013-10-01,0.05,2.2804545454545453,3.8649999999999993,0.0020531460287833703,225.0,7.2,925.0,-0.001751414079461111,56.6,73.2,3.0,0.0009416276097145015
2013-11-01,0.07,2.4147368421052624,4.065789473684211,0.0016862083839848108,264.0,6.9,1100.0,0.0029335723362569066,57.0,75.1,2.9,0.0018644565619931885
2013-12-01,0.07,2.5619047619047626,4.227619047619047,0.0013212496085186487,69.0,6.7,1002.0,0.003038762946345752,56.5,82.5,3.0,0.0016995313542289558
2014-01-01,0.04,2.4642857142857144,4.06952380952381,0.0008601225674658153,175.0,6.6,888.0,-0.004157036715320639,51.3,81.2,3.1,0.0008568071632473195
2014-02-01,0.05,2.3826315789473678,3.9031578947368417,0.0005371146202599597,166.0,6.7,944.0,0.008470467749723598,54.3,81.6,3.2,0.0009493094197770002
2014-03-01,0.05,2.3242857142857143,3.8071428571428574,0.0018740117516153898,254.0,6.7,970.0,0.009626253840799848,54.4,80.0,3.2,0.001862946419120659
2014-04-01,0.03,2.2880952380952384,3.7095238095238097,0.0017828264131090066,325.0,6.2,1043.0,0.00046085196421419283,55.3,84.1,3.2,0.0018890649762282052
2014-05-01,0.03,2.17,3.5252380952380946,0.0016629550029660933,218.0,6.3,1007.0,0.0036134411217434437,55.6,81.9,3.3,0.0019276844165485585
2014-06-01,0.04,2.1461904761904758,3.518095238095237,0.001097087378640671,326.0,6.1,911.0,0.0037413631550482496,55.7,82.5,3.1,0.0012966837733496828
2014-07-01,0.03,2.0359090909090907,3.3850000000000007,0.0017941481675443072,232.0,6.2,1085.0,0.0019694881133422992,56.4,81.8,3.3,0.0015052325752511475
2014-08-01,0.03,1.9476190476190476,3.2085714285714295,0.0003291448043523104,188.0,6.1,984.0,-0.0011087366745664573,58.1,82.5,3.2,0.0008816305967800364
2014-09-01,0.02,1.9676190476190476,3.2947619047619052,0.0012000154840707822,309.0,5.9,1023.0,0.0029877173725527673,56.1,84.6,3.0,0.001598120844780837
2014-10-01,0.02,1.858636363636364,3.0622727272727275,0.000869935044850001,252.0,5.7,1074.0,0.00020696733318348315,57.9,86.9,2.9,0.0016960793346343372
2014-11-01,0.02,1.7983333333333336,3.0305555555555554,0.001033357155274084,291.0,5.8,1001.0,0.007820612515436531,57.6,88.8,2.8,0.0011162627356380295
2014-12-01,0.03,1.5718181818181818,2.7745454545454544,0.0008103962258689812,268.0,5.6,1073.0,-0.0014522319746042012,55.1,93.6,2.8,0.0005261883085969643
2015-01-01,0.03,1.33,2.3885,-0.00027955310062943717,191.0,5.7,1085.0,-0.004956411929564308,53.5,98.1,2.5,0.0009474756244156612
2015-02-01,0.02,1.3563157894736844,2.477894736842105,0.0010317429706483416,271.0,5.5,886.0,-0.005077344344153523,52.9,95.4,2.8,0.0015053521314700724
2015-03-01,0.03,1.4022727272727271,2.566363636363636,0.0015893656985985771,71.0,5.4,960.0,-0.002808165587879663,51.5,93.0,3.0,0.002427427010642358
2015-04-01,0.02,1.3950000000000002,2.515454545454545,0.0016541642623582042,284.0,5.4,1190.0,-0.0058889320033782555,51.5,95.9,2.6,0.002454777678552844
2015-05-01,0.02,1.5885,2.8565,0.0011713649281819283,331.0,5.6,1079.0,-0.004333800197460436,52.8,90.7,2.8,0.0014170526961292396
2015-06-01,0.02,1.6749999999999998,3.043636363636364,0.0012467153844677448,174.0,5.3,1205.0,-0.003428323253986121,53.5,96.1,2.7,0.0015557247360233895
2015-07-01,0.03,1.656818181818182,3.016818181818181,0.0011110685414352783,302.0,5.2,1146.0,0.005851477187048593,52.7,93.1,2.8,0.0020697005750545117
2015-08-01,0.07,1.4695238095238095,2.7928571428571423,0.0009376195943360255,125.0,5.1,1130.0,-0.0015547672018887404,51.1,91.9,2.8,0.001038896790551025
2015-09-01,0.02,1.45952380952381,2.855714285714286,0.001290408916247765,155.0,5.0,1224.0,-0.0036990421660085815,50.2,87.2,2.8,0.0020550455692969205
2015-10-01,0.02,1.4252380952380952,2.7542857142857136,0.00023865664945166287,306.0,5.0,1058.0,-0.003653995883472927,49.4,90.0,2.7,0.0018576665735092757
2015-11-01,0.12,1.3784210526315785,2.8552631578947363,0.0012598064479183435,237.0,5.1,1172.0,-0.006876368503717645,48.4,91.3,2.7,0.0019403695316859704
2015-12-01,0.23,1.26,2.786818181818182,0.0006577066056621117,273.0,5.0,1146.0,-0.005698893526516646,48.0,92.6,2.6,0.001252860903779407
2016-01-01,0.26,1.1857894736842103,2.6521052631578947,0.0018098857866810647,73.0,4.9,1103.0,0.008335830850507486,48.2,92.0,2.5,0.0021590941618583326
2016-02-01,0.31,1.0459999999999998,2.3369999999999997,0.0017210394698057296,263.0,4.9,1203.0,-0.007090648600082572,49.7,91.7,2.5,0.0023217382433948774
2016-03-01,0.29,1.0140909090909094,2.402272727272727,0.0009302325581395099,229.0,5.0,1114.0,-0.007894543764826789,51.7,91.0,2.7,0.0013026982136750132
2016-04-01,0.23,1.037142857142857,2.352380952380952,0.0023992868522872968,187.0,5.0,1158.0,0.0009978750782670964,50.7,89.0,2.8,0.0020450147176009903
2016-05-01,0.27,0.99,2.311904761904762,0.0015042431008220891,42.0,4.8,1131.0,-0.000856016793296055,51.0,94.7,2.4,0.002308625495502481
2016-06-01,0.27,0.9127272727272728,2.1218181818181816,0.0011430190818060293,267.0,4.9,1200.0,0.004386284898520998,52.8,93.5,2.6,0.0016151492090221709
2016-07-01,0.3,0.8314999999999998,1.9365000000000006,0.0020003585548353797,354.0,4.8,1245.0,0.0025305595991937935,52.3,90.0,2.7,0.0014387616949906867
2016-08-01,0.3,0.819130434782609,1.9800000000000002,0.002015198741913249,135.0,4.9,1155.0,-0.0008988323990893887,49.4,89.8,2.5,0.0023406822685247963
2016-09-01,0.29,0.8595238095238092,2.0828571428571427,0.0007706259926509862,269.0,5.0,1072.0,6.860007820419511e-05,51.7,91.2,2.4,0.0013608674120568764
2016-10-01,0.33,0.9215,2.2569999999999997,0.001502502605903011,145.0,4.9,1321.0,0.0019677072584682875,52.0,87.2,2.4,0.001443453996437638
2016-11-01,0.45,1.1625,2.688,0.0007126180273606675,151.0,4.7,1150.0,-0.0019345027066411946,53.5,93.8,2.4,0.00174249602518195
2016-12-01,0.51,1.2952380952380953,3.024761904761905,0.0012930428671820149,230.0,4.7,1267.0,0.008597687228015127,54.5,98.2,2.2,0.0018316486440990154
2017-01-01,0.51,1.2260000000000002,2.9485,0.0023862328401784705,185.0,4.7,1206.0,0.0010541339051242105,56.0,98.5,2.6,0.0022403674202569057
2017-02-01,0.52,1.2178947368421056,2.936315789473685,0.0015310218637389905,188.0,4.6,1282.0,-0.003772445907570754,57.6,96.3,2.7,0.0018681217791862714
2017-03-01,0.74,1.168695652173913,2.9499999999999997,-0.0010812624671426851,129.0,4.4,1186.0,0.006771692358051196,56.6,96.9,2.5,-0.000370537119452341
2017-04-01,0.8,1.0563157894736843,2.7705263157894735,0.0022395162644870403,197.0,4.4,1150.0,0.008990449280551038,55.3,97.0,2.5,0.0009366505376771084
2017-05-01,0.89,1.0018181818181817,2.7704545454545455,0.0011079455523899107,155.0,4.4,1123.0,0.0013503132669236972,55.5,97.1,2.6,0.0009676301820977784
2017-06-01,0.98,0.8445454545454548,2.5995454545454537,0.00152522669146693,216.0,4.3,1243.0,0.0016473060321091637,56.7,95.0,2.6,0.0013605333927406704
2017-07-01,1.07,0.9455000000000003,2.764,0.000891455951861353,215.0,4.3,1207.0,-0.00040349993163457665,56.5,93.4,2.6,0.0011719650079058397
2017-08-01,1.01,0.8739130434782608,2.6417391304347824,0.001308159762490213,184.0,4.4,1163.0,-0.0047368204570954475,59.3,96.8,2.6,0.002194366074227627
2017-09-01,1.03,0.8174999999999999,2.6065,0.0015288253062282209,18.0,4.2,1174.0,2.594968644142881e-05,60.2,95.1,2.7,0.0012907721668342642
2017-10-01,1.07,0.8104761904761906,2.739047619047619,0.002784690677299695,267.0,4.1,1256.0,0.015170561901851176,58.5,100.7,2.4,0.0025544905254499817
2017-11-01,1.23,0.6566666666666667,2.656666666666666,0.0008672226732600041,225.0,4.2,1300.0,0.0053422980686119725,58.2,98.5,2.5,0.00126610237680147
2017-12-01,1.32,0.5585,2.623,0.0016960713824825113,130.0,4.1,1199.0,0.0032299680769918293,59.3,95.9,2.7,0.002068109747690672
2018-01-01,1.41,0.5519047619047619,2.7857142857142856,0.0023281494432685346,121.0,4.1,1314.0,-0.002539047833596153,59.1,95.7,2.7,0.0028539979558142026
2018-02-01,1.57,0.6836842105263159,3.118421052631579,0.001909605868365638,406.0,4.1,1288.0,0.003542071509567979,60.7,99.7,2.7,0.0018188517714206043
2018-03-01,1.7,0.5666666666666667,3.055238095238095,0.0019242928223877076,176.0,4.0,1335.0,0.005720078130641015,59.3,101.4,2.8,0.0019759752709629375
2018-04-01,1.76,0.4847619047619049,3.036190476190476,0.0015364776250446077,137.0,4.0,1269.0,0.009047858359618743,57.9,98.8,2.7,0.00160890364151145
2018-05-01,1.86,0.46590909090909083,3.138636363636364,0.0020637573167501255,278.0,3.8,1334.0,-0.007931821814912476,58.7,98.0,2.8,0.0022223348551777544
2018-06-01,1.9,0.379047619047619,3.0490476190476197,0.0013031393812366066,219.0,4.0,1190.0,0.007514630150357693,60.0,98.2,3.0,0.0014199185394678793
2018-07-01,1.96,0.28238095238095245,3.0004761904761903,0.0016927865450770962,136.0,3.8,1195.0,0.0044494488803346055,58.4,97.9,2.9,0.0018646424936483719
2018-08-01,2.03,0.2534782608695652,3.010434782608696,0.00019988370402690414,244.0,3.8,1280.0,0.00803114530795579,60.8,96.2,3.0,0.0006320230164946761
2018-09-01,2.13,0.23631578947368423,3.1147368421052626,0.001553331032102312,80.0,3.7,1246.0,0.001372294443440003,59.5,100.1,2.7,0.0020963710693042703
2018-10-01,2.25,0.2913636363636364,3.3040909090909083,0.0013785972772704103,201.0,3.8,1207.0,0.0022028741307265065,57.5,98.6,2.9,0.0014964850003480468
2018-11-01,2.33,0.258,3.287,0.0018748471591989446,134.0,3.7,1204.0,0.005369530507248754,58.8,97.5,2.8,0.0019112485665635504
2018-12-01,2.37,0.1563157894736842,2.983684210526316,0.001771895566645032,182.0,3.9,1117.0,0.00040631020562553744,54.3,98.3,2.7,0.0019191638919717757
2019-01-01,2.37,0.1704761904761905,2.891428571428572,0.00036097173591320697,269.0,4.0,1272.0,-0.003917627605570573,56.6,91.2,2.7,0.0022308893555806897
2019-02-01,2.39,0.17210526315789473,2.8647368421052626,0.0003788835564537685,1.0,3.8,1137.0,-0.005043657514404831,54.1,93.8,2.6,0.001274149351795817
2019-03-01,2.4,0.16142857142857142,2.7690476190476194,0.0005951629484011178,147.0,3.8,1203.0,0.0010770049405319781,54.6,98.4,2.5,0.0016059916135806596
2019-04-01,2.38,0.1876190476190476,2.7314285714285713,0.0024513338139871,210.0,3.6,1267.0,-0.006311935237702793,53.4,97.2,2.5,0.0019822667488145207
2019-05-01,2.35,0.18863636363636369,2.6022727272727275,0.0011687284234751516,85.0,3.6,1268.0,0.002180040517924864,52.3,100.0,2.9,0.0013901884774762951
2019-06-01,2.17,0.26000000000000006,2.3229999999999995,0.0025682010021372825,182.0,3.7,1235.0,0.00046692008525406337,51.6,98.2,2.7,0.00276888927875385
2019-07-01,2.1,0.2240909090909091,2.2899999999999996,0.0020600458584121295,194.0,3.7,1212.0,-0.0017588266192277713,51.3,98.4,2.6,0.0025178282780260464
2019-08-01,1.95,0.05500000000000001,1.7659090909090909,0.0013318078621356033,207.0,3.7,1377.0,0.007050452307004074,48.8,89.8,2.7,0.002249731587673276
2019-09-01,1.89,0.05150000000000001,1.8340000000000007,0.0005177323323841687,208.0,3.5,1274.0,-0.0034755125652796703,48.2,93.2,2.8,0.00190021954727837
2019-10-01,1.65,0.15545454545454543,1.888636363636364,0.0012668956595440761,185.0,3.6,1340.0,-0.004069515175043947,48.5,95.5,2.5,0.0011523261876515978
2019-11-01,1.54,0.19947368421052633,1.984736842105263,0.0005435412155718744,261.0,3.5,1371.0,0.009280270024856208,48.1,96.8,2.5,0.0019397177974767033
2019-12-01,1.54,0.24952380952380954,2.043333333333333,0.0023332858364206732,184.0,3.5,1587.0,-0.003663253325190685,47.8,99.3,2.3,0.001246699635782944
